<?xml version="1.0" encoding="UTF-8"?>
<!DOCTYPE mapper PUBLIC "-//mybatis.org//DTD Mapper 3.0//EN" "http://mybatis.org/dtd/mybatis-3-mapper.dtd">
<mapper namespace="com.app.mysql.mapper.ProductMapper">
    <insert id="insert" useGeneratedKeys="true" keyProperty="id">
        insert into tbl_product (product_name, product_price, product_stock)
        values (#{productName}, #{productPrice}, #{productStock})
    </insert>

    <update id="update">
        update tbl_product
        set product_name = #{productName}
        where id = #{id}
    </update>

    <select id="selectVoById" resultType="productVO">
        select id, product_name, product_price, product_stock, createdDate, updatedDate
        from tbl_product
        where id = #{id}
    </select>

    <update id="delete">
        update tbl_product
        set status = 'disable'
        where id = #{id}
    </update>

    <select id="selectTotal" resultType="_int">
        select count(*) from tbl_product
    </select>

</mapper>














